{
  "holdout": {
    "xgb": {
      "auc": 0.9946445369553288,
      "accuracy": 0.9746918250890634,
      "precision": 0.11265608245996334,
      "recall": 0.9896687936797326,
      "brier": 0.020575571805238724,
      "ece": 0.02616498050043382
    },
    "mlp": {
      "auc": 0.9912186649832182,
      "accuracy": 0.969173641981147,
      "precision": 0.09394941408516069,
      "recall": 0.9841993315101792,
      "brier": 0.024624239653348923,
      "ece": 0.031709202478659756
    }
  },
  "regime_performance": {
    "BALANCE": {
      "xgb_auc": 0.9945257317325112,
      "mlp_auc": 0.990842888297951,
      "n": 746361
    },
    "IMBALANCE_DOWN": {
      "xgb_auc": 0.9959368618639572,
      "mlp_auc": 0.9926853109804841,
      "n": 159303
    },
    "IMBALANCE_UP": {
      "xgb_auc": 0.9927742463731772,
      "mlp_auc": 0.9894640937827798,
      "n": 109344
    }
  },
  "fold_stability": {
    "xgb_auc_mean": 0.9609056606859104,
    "xgb_auc_std": 0.0290880097558099,
    "mlp_auc_mean": 0.935763816572567,
    "mlp_auc_std": 0.049217175107097215,
    "xgb_ece_mean": 0.12061362730244862,
    "mlp_ece_mean": 0.11133913465140466,
    "n_folds": 3
  }
}